"Text H-ID","Author(s) > H-ID","Author(s) > RecordTitle"
25,21,"Hosain, Attia"
28,26,"Singh, Kushwant"
34,32,"Sahni, Bhisham"
37,35,"Pritam, Amrita"
3170,3152,"Sarna, Mohinder Singh"
3177,3152,"Sarna, Mohinder Singh"
3180,3156,"Manto, Saadat Hasan"
3205,3156,"Manto, Saadat Hasan"
3206,3152,"Sarna, Mohinder Singh"
3212,3156,"Manto, Saadat Hasan"
3231,3156,"Manto, Saadat Hasan"
3238,3156,"Manto, Saadat Hasan"
3251,3152,"Sarna, Mohinder Singh"
3281,3152,"Sarna, Mohinder Singh"
3292,3156,"Manto, Saadat Hasan"
3298,3156,"Manto, Saadat Hasan"
3384,3156,"Manto, Saadat Hasan"
3421,3156,"Manto, Saadat Hasan"
3574,3156,"Manto, Saadat Hasan"
3584,3152,"Sarna, Mohinder Singh"
3716,3156,"Manto, Saadat Hasan"
3855,3152,"Sarna, Mohinder Singh"
3938,3152,"Sarna, Mohinder Singh"
3966,3156,"Manto, Saadat Hasan"
3979,3156,"Manto, Saadat Hasan"
3990,3156,"Manto, Saadat Hasan"
4002,3152,"Sarna, Mohinder Singh"
4042,3152,"Sarna, Mohinder Singh"
4048,3152,"Sarna, Mohinder Singh"
4080,3156,"Manto, Saadat Hasan"
4142,3156,"Manto, Saadat Hasan"
4204,3156,"Manto, Saadat Hasan"
4281,3156,"Manto, Saadat Hasan"
4364,3152,"Sarna, Mohinder Singh"
4368,3156,"Manto, Saadat Hasan"
4381,3152,"Sarna, Mohinder Singh"
4443,3156,"Manto, Saadat Hasan"
4469,3156,"Manto, Saadat Hasan"
4525,3156,"Manto, Saadat Hasan"
4644,3156,"Manto, Saadat Hasan"
4746,3152,"Sarna, Mohinder Singh"
4807,3152,"Sarna, Mohinder Singh"
4882,3152,"Sarna, Mohinder Singh"
4988,3156,"Manto, Saadat Hasan"
4989,3156,"Manto, Saadat Hasan"
4990,3156,"Manto, Saadat Hasan"
5046,3152,"Sarna, Mohinder Singh"
5304,3152,"Sarna, Mohinder Singh"
5357,3152,"Sarna, Mohinder Singh"
5466,3152,"Sarna, Mohinder Singh"
