"Location H-ID","Primary place name","Location (mappable)"
22,"Lucknow University","POINT(80.936033 26.863315)"
27,Hadali,"POINT(72.192222 32.292222)"
33,Rawalpindi,"POINT(73.062762 33.616531)"
36,"Mandi Bahauddin","POINT(73.483129 32.574158)"
119,"Mano Majra",
249,"Chatto Village","POINT(73.48335 32.574375)"
281,"Rattoval Village","POINT(75.67175 30.745563)"
865,Rajpura,"POINT(76.590672 30.480929)"
870,"Masjid Sherwanikot","POINT(75.849481 30.52652)"
871,"Harnam Singh Wala Village","POINT(75.234568 30.368765)"
872,"Raja Bazaar","POINT(73.052763 33.614181)"
873,Mirpur,"POINT(73.742466 33.148331)"
874,"Jama Masjid","POINT(75.854148 30.907997)"
875,Khanpur,"POINT(75.903597 30.799396)"
879,"Imam Din Gali","POINT(72.664218 32.086592)"
1015,terrace,
1065,"Shivala Bazaar","POINT(82.114869 26.737423)"
1295,"Cambridge University","POINT(0.11452 52.204346)"
1298,Mecca,"POINT(39.82438 21.426568)"
1348,Lahore,"POINT(74.314957 31.504215)"
1350,Mumbai,"POINT(72.8936 19.111434)"
1353,"Madras Presidency","POINT(79.387207 13.068777)"
1453,Hasanpur,"POINT(78.284626 28.723749)"
1527,Muridpur,"POINT(79.957745 26.33222)"
1529,"Kutub Din","POINT(74.797373 34.083663)"
1553,Kahuta,"POINT(73.388664 33.589205)"
1734,Home,
1879,Ridge,
1881,"Railway Crossing",
2552,"Sakar Village","POINT(73.542766 32.543265)"
2580,"Bara Bazaar","POINT(88.354408 22.581703)"
2608,"Bhimnagar Palace","POINT(86.961266 26.513774)"
2609,Shimla,"POINT(77.166424 31.096307)"
2612,England,"POINT(-0.834961 52.362183)"
2622,London,"POINT(-0.122223 51.506178)"
2625,Kolkata,"POINT(88.37265 22.69512)"
2686,"Ganj Mandi","POINT(73.052068 33.614914)"
2790,"Lala -Musa",
2802,"Golra Sharif","POINT(72.977071 33.693923)"
2973,"River Ravi",
2991,"Hindu Kush","POINT(73.278809 36.897194)"
2993,India,"POINT(78.96288 20.593684)"
3024,"Refugee encampment outside chattowal","POINT(75.683658 31.72678)"
3061,"Sadar Bazar","POINT(73.052902 33.596855)"
3063,"Shivala Road","POINT(82.114879 26.737433)"
3064,"Saidpur Village","POINT(73.067837 33.742666)"
3065,"Amirpur Village","POINT(77.792387 27.433908)"
3066,Baradari,"POINT(80.931956 26.852369)"
3067,"Government House","POINT(80.946268 26.840887)"
3068,Residency,"POINT(80.926784 26.860658)"
3069,"Gajju Matah","POINT(74.366069 31.386248)"
3070,Gujranwala,"POINT(74.19445 32.187526)"
3071,Jullunder,"POINT(75.575981 31.32578)"
3075,Hostel,"POINT(80.936027 26.863314)"
3108,Delhi,"POINT(77.224701 28.650825)"
3109,"Chatto Village: Neighborhood Market","POINT(73.483271 32.576111)"
3110,"Chatto Village: Field","POINT(73.48647 32.576798)"
3111,"Chatto Village: Well","POINT(73.48151 32.574085)"
3112,"Chatto Village: Pooro's Home","POINT(73.48151 32.574085)"
3114,"Sakar Village: Rashid's Home","POINT(73.548589 32.544534)"
3115,"Sakar Village: Rahima's Home","POINT(73.544458 32.542291)"
3116,"Sakar Village: Well","POINT(73.544458 32.542291)"
3117,"Sakkar: Neighbouring Village","POINT(73.554604 32.583235)"
3118,"Chatto Village: Refugee Camp","POINT(73.477822 32.53719)"
3119,"Kapoor Haveli","POINT(71.571567 34.009132)"
3157,Ludhiana,"POINT(75.857276 30.900965)"
3175,"Rawalpindi Train Station","POINT(73.048124 33.603812)"
3363,"Mughalpura, Lahore",
3420,Sharifpura,"POINT(74.887992 31.631936)"
3445,Kashmir,"POINT(75.341218 33.277839)"
3448,Punjab,"POINT(75.341218 31.147131)"
3449,"Jallianwala Bagh","POINT(74.880109 31.620644)"
3451,Bombay,"POINT(72.877656 19.075984)"
3453,"Soviet Union","POINT(105.318756 61.52401)"
3470,Titwal,"POINT(73.772791 34.391564)"
3536,Jullandar,"POINT(75.576183 31.326015)"
3541,Saharanpur,"POINT(77.555207 29.968004)"
3542,Patiala,"POINT(76.38688 30.339781)"
3543,Amritsar,"POINT(74.872264 31.633979)"
3560,"Amritsar in The Price of Freedom","POINT(74.872264 31.633979)"
3617,"Wagah Border","POINT(74.573044 31.604616)"
3621,"Pakistan High Commission in Delhi","POINT(77.19034 28.594099)"
3721,"Advani Chambers","POINT(72.805385 18.9645)"
3732,Deolali,"POINT(74.621012 19.472801)"
3737,Myanmar,"POINT(95.955974 21.916221)"
3739,Singapore,"POINT(103.819836 1.352083)"
3741,"Hong Kong","POINT(114.169361 22.319304)"
3746,"Juhu Beach","POINT(72.826448 19.097419)"
3751,Pune,"POINT(73.856744 18.52043)"
3821,"Civil Lines",
3836,Narhali,
3837,Pothohar,
3842,"Theekri Majra",
3845,Saikot,
3846,Malerkotla,
3952,"Lal Kurti Cantonment","POINT(77.890848 29.854442)"
3953,Narhali,"POINT(77.031978 31.577111)"
3954,Duberan,"POINT(73.504929 33.448972)"
3984,Gwalior,"POINT(78.177205 26.212401)"
4016,Tanzania,"POINT(394.889139 -6.246553)"
4121,"West Punjab","POINT(72.709716 31.170406)"
4127,Madras,"POINT(80.270718 13.08268)"
4131,Benaras,"POINT(82.973914 25.317645)"
4135,Ahmedabad,"POINT(72.571362 23.022505)"
4177,"Ramdas Sarai","POINT(78.862327 28.042199)"
4179,Rambagh,"POINT(75.812471 26.899683)"
4321,Spain,"POINT(-3.74922 40.463667)"
4330,Peshawar,"POINT(71.524915 34.015137)"
4333,"Mozang Chungi","POINT(74.313753 31.559651)"
4334,"Anarkali Bazaar","POINT(74.316111 31.566667)"
4335,Shahrah-e-Quaid-e-Azam,"POINT(74.338861 31.553026)"
4336,"Government College University Lahore (GCUL)","POINT(74.307859 31.573152)"
4337,"District Courts Lahore","POINT(74.305291 31.573481)"
4343,"Lahore Cantonment","POINT(74.416029 31.478727)"
4345,"Shahi Mohallah","POINT(74.308521 31.58608)"
4386,"Mughal Chak","POINT(74.091292 32.144002)"
4387,Mannawala,"POINT(73.691881 31.588105)"
4388,"Gujranwala Refugee Camp","POINT(74.194453 32.187692)"
4389,"Qazi da Kot","POINT(72.006815 32.824387)"
4390,"Dera Baba Nanak","POINT(75.030448 32.032186)"
4391,"Rawalpindi Division","POINT(73.37087 33.461968)"
4392,"Guru Nanak Khalsa College, Gujranwala","POINT(74.194453 32.187692)"
4393,Gharjhakh,"POINT(74.154824 32.170184)"
4499,Amethi,"POINT(81.814238 26.154054)"
4516,"Roorkee Canal","POINT(77.897015 29.880392)"
4584,Karbala,"POINT(44.019699 32.602715)"
4594,Purqazi,"POINT(77.839587 29.657222)"
4637,"Punjab in Pakistan","POINT(72.709716 31.170406)"
4640,Pakistan,"POINT(67.718705 28.176072)"
4648,Mootri,"POINT(72.815608 18.958908)"
4789,Chanakyapuri,"POINT(77.190404 28.597238)"
4790,"Cornwallis Road","POINT(77.234305 28.604448)"
4791,"Takht Parhi","POINT(73.151556 33.475525)"
4792,Basali,
4793,"Thoa Khalsa","POINT(73.432754 33.511307)"
4794,"Lala Musa Railway","POINT(73.946653 32.700244)"
4795,Moradabad,"POINT(78.773329 28.838648)"
4815,"Gurdwara Bangla Sahib","POINT(77.209874 28.626369)"
4860,"Rawalpindi Station","POINT(73.048124 33.603812)"
4863,"Attari Station","POINT(74.607582 31.594638)"
4864,wagah,
4866,Murree,"POINT(73.394302 33.906958)"
4868,"Teli Mohalla","POINT(73.062757 33.616521)"
4869,"Paharganj bazaar",
4870,"Khari Baoli","POINT(77.223233 28.656993)"
4871,"Chandni Chowk","POINT(77.230337 28.650533)"
4872,"Delhi railway station","POINT(77.25341 28.588895)"
4873,Chakwal,"POINT(72.862958 32.932788)"
4874,"Convent School",
4875,"Gondlanwala village.","POINT(74.123859 32.19905)"
4877,"Kamoki Refugee Camp","POINT(74.194453 32.187692)"
4891,"Tarlahi village","POINT(73.151187 33.642352)"
4908,"Wazirabad Station","POINT(74.112148 32.445781)"
4948,Paharganj,"POINT(77.212778 28.645605)"
4950,Abbottabad,"POINT(73.221498 34.16875)"
4953,Sheikhupura,"POINT(73.985024 31.716662)"
4959,"Multani Dhanda","POINT(77.211055 28.647848)"
4961,"Chuna Mandi","POINT(77.211055 28.643548)"
4967,"Punjabi Lane",
4977,"Tees Hazari","POINT(77.214933 28.66456)"
4987,"Farid Chowk","POINT(74.874397 31.628361)"
5144,"Amritsar-Lahore Express","POINT(74.866886 31.632939)"
5332,Karachi,"POINT(67.001136 24.860734)"
5490,"Police Station",
5517,Meerut,"POINT(77.706414 28.984462)"
5522,"Irwin Hospital, Delhi","POINT(77.238594 28.638267)"
5531,"Tees Hazari Camop","POINT(77.210304 28.664608)"
5537,"Kucha Ram Lakhan","POINT(77.231172 28.645953)"
