event_id,chrono,sequence_chrono
4737,1,1
5204,2,2
5212,3,3
5259,4,4
3171,1,5
5130,2,6
5138,3,7
5145,4,8
5146,5,9
5155,6,10
5158,7,11
5169,8,12
5175,9,13
5178,10,14
5179,11,15
5180,12,16
5181,13,17
4884,1,18
4894,2,19
5099,3,20
5104,4,21
5108,5,22
5111,6,23
5112,7,24
5116,8,25
5117,9,26
5118,10,27
5119,11,28
5120,12,29
5121,13,30
5122,14,31
4838,1,32
4850,2,33
4851,3,34
4855,4,35
5222,5,36
5223,6,37
5224,7,38
5225,8,39
5226,9,40
5228,10,41
5233,11,42
5234,12,43
5235,13,44
5236,14,45
5237,15,46
5238,16,47
5239,17,48
5075,1,49
5087,2,50
4513,1,51
4589,2,52
3634,1,53
3636,2,54
3635,3,55
3638,4,56
3642,5,57
3639,6,58
3644,7,59
3646,8,60
3645,9,61
3648,10,62
3649,11,63
3656,12,64
3655,13,65
3654,14,66
3667,15,67
4635,1,68
4638,2,69
3761,1,70
3766,2,71
3772,3,72
3777,4,73
3779,5,74
3781,6,75
3783,7,76
3784,8,77
3786,9,78
3790,10,79
3792,11,80
3794,12,81
3801,13,82
3806,14,83
3808,15,84
3811,16,85
4800,1,86
4803,2,87
4804,3,88
2815,1,89
2816,2,90
2817,3,91
2818,4,92
2819,5,93
2820,6,94
2822,7,95
2823,8,96
2825,9,97
2826,10,98
2827,11,99
2830,12,100
2831,13,101
2832,14,102
2836,15,103
2837,16,104
3092,17,105
3093,18,106
3094,19,107
3095,20,108
3096,21,109
333,22,110
335,23,111
336,24,112
337,25,113
339,26,114
342,27,115
345,28,116
350,29,117
385,30,118
387,31,119
391,32,120
389,33,121
390,34,122
402,35,123
396,36,124
398,37,125
401,38,126
403,39,127
437,40,128
447,41,129
449,42,130
450,43,131
451,44,132
457,45,133
524,46,134
525,47,135
530,48,136
536,49,137
538,50,138
541,51,139
542,52,140
544,53,141
554,54,142
560,55,143
562,56,144
563,57,145
564,58,146
565,59,147
611,60,148
621,61,149
627,62,150
631,63,151
634,64,152
636,65,153
2886,66,154
2888,67,155
2889,68,156
2893,69,157
2897,70,158
2895,71,159
2896,72,160
2898,73,161
2899,74,162
2900,75,163
2906,76,164
2907,77,165
2908,78,166
2914,79,167
2915,80,168
2916,81,169
2917,82,170
1953,83,171
2918,84,172
1954,85,173
1955,86,174
1956,87,175
1957,88,176
2997,89,177
2998,90,178
1969,91,179
1982,92,180
1986,93,181
2999,94,182
3000,95,183
3001,96,184
3002,97,185
3003,98,186
1997,99,187
3004,100,188
3005,101,189
3006,102,190
3007,103,191
3008,104,192
2008,105,193
2025,106,194
3009,107,195
3010,108,196
2027,109,197
2032,110,198
2050,111,199
2057,112,200
2060,113,201
2062,114,202
1673,115,203
2957,116,204
2958,117,205
1678,118,206
1697,119,207
1698,120,208
1699,121,209
1702,122,210
2960,123,211
2967,124,212
2968,125,213
1700,126,214
1701,127,215
2965,128,216
2966,129,217
3046,130,218
4439,1,219
4440,2,220
4442,3,221
4444,4,222
4446,5,223
4450,6,224
4456,7,225
4459,8,226
4461,9,227
4463,10,228
4466,11,229
4470,12,230
4478,13,231
2024,1,232
2179,2,233
2323,3,234
2328,4,235
2329,5,236
2347,6,237
2785,7,238
2222,8,239
2226,9,240
1715,10,241
1719,11,242
1720,12,243
1721,13,244
2000,14,245
2007,15,246
2011,16,247
2013,17,248
2016,18,249
2018,19,250
2035,20,251
2040,21,252
2041,22,253
2284,23,254
2285,24,255
2292,25,256
2392,26,257
2334,27,258
2263,28,259
2269,29,260
2270,30,261
2271,31,262
2259,32,263
2255,33,264
314,34,265
404,35,266
411,36,267
419,37,268
430,38,269
1395,39,270
1398,40,271
1413,41,272
2578,42,273
1890,43,274
1916,44,275
1930,45,276
2980,46,277
2981,47,278
2982,48,279
2983,49,280
2984,50,281
2986,51,282
2987,52,283
2988,53,284
2856,54,285
2862,55,286
1931,56,287
4171,1,288
4178,2,289
4174,3,290
4180,4,291
4181,5,292
4182,6,293
4184,7,294
4183,8,295
4185,9,296
4187,10,297
4186,11,298
4189,12,299
4188,13,300
4190,14,301
4197,15,302
4191,16,303
4200,17,304
4201,18,305
4203,19,306
4202,20,307
1118,1,308
1132,2,309
1129,3,310
1135,4,311
1252,5,312
1254,6,313
1261,7,314
165,8,315
972,9,316
973,10,317
975,11,318
976,12,319
977,13,320
979,14,321
981,15,322
986,16,323
989,17,324
990,18,325
992,19,326
993,20,327
994,21,328
995,22,329
996,23,330
2685,24,331
2714,25,332
2716,26,333
2717,27,334
2718,28,335
2758,29,336
2781,30,337
2812,31,338
845,32,339
2446,33,340
2501,34,341
2648,35,342
1283,36,343
1284,37,344
1287,38,345
1288,39,346
1290,40,347
1291,41,348
1181,42,349
1182,43,350
1296,44,351
1297,45,352
1302,46,353
1303,47,354
1304,48,355
1305,49,356
1318,50,357
1325,51,358
2421,52,359
2427,53,360
2445,54,361
2464,55,362
2500,56,363
2579,57,364
2585,58,365
2593,59,366
2601,60,367
2619,61,368
2639,62,369
2726,63,370
2733,64,371
1024,65,372
4030,1,373
4031,2,374
3480,1,375
3481,2,376
5035,3,377
3482,4,378
3483,5,379
5036,6,380
3484,7,381
5067,8,382
3487,9,383
3490,10,384
5070,11,385
5072,12,386
3491,13,387
5078,14,388
3493,15,389
5079,16,390
3494,17,391
5474,18,392
5475,19,393
5081,20,394
5085,21,395
5086,22,396
5088,23,397
3496,24,398
3497,25,399
3499,26,400
5091,27,401
3501,28,402
3505,29,403
3502,30,404
3506,31,405
5092,32,406
3509,33,407
5093,34,408
5094,35,409
3511,36,410
5095,37,411
5096,38,412
3515,39,413
5097,40,414
5098,41,415
3516,42,416
5135,1,417
5136,2,418
5137,3,419
5139,4,420
5140,5,421
5147,6,422
5151,7,423
5152,8,424
5153,9,425
5162,10,426
5163,11,427
5164,12,428
5165,13,429
5166,14,430
5171,15,431
5173,16,432
4694,1,433
4696,2,434
4700,3,435
4704,4,436
4709,5,437
4711,6,438
4712,7,439
4714,8,440
4716,9,441
4720,10,442
4722,11,443
4723,12,444
5459,13,445
4656,14,446
4657,15,447
4857,16,448
4858,17,449
5520,1,450
5523,2,451
5524,3,452
5525,4,453
5526,5,454
5527,6,455
5528,7,456
5529,8,457
5532,9,458
4699,1,459
4701,2,460
4702,3,461
4706,4,462
4739,5,463
4741,6,464
4710,7,465
4713,8,466
4719,9,467
4724,10,468
4725,11,469
4726,12,470
4728,13,471
4729,14,472
4730,15,473
4731,16,474
4810,1,475
4827,2,476
4830,3,477
4944,4,478
4945,5,479
4954,6,480
4956,7,481
4974,8,482
4978,9,483
3561,1,484
3565,2,485
3563,3,486
3873,1,487
3884,2,488
3888,3,489
3891,4,490
3892,5,491
3893,6,492
3894,7,493
3895,8,494
3898,9,495
3899,10,496
4650,1,497
4652,2,498
4653,3,499
4655,4,500
3609,1,501
3629,2,502
3647,3,503
