"Text H-ID","Text title"
25,"Sunlight on a Broken Column"
28,"Train to Pakistan"
34,Tamas
37,Pinjar
3170,"A New Taj Mahal"
3177,"A Village called Laddewala Varaich"
3180,"The Woman in the Red Raincoat"
3205,"Colder Than Ice"
3206,"Savage Harvest"
3212,"Toba Tek Singh"
3231,"The Return"
3238,"The Assignment"
3251,"Basant The Fool"
3281,"Jathedar Mukand Singh"
3292,"The Dog of Titwal"
3298,..
3384,"The Dutiful Daughter"
3421,"The Price of Freedom"
3574,Mozail
3584,"Gul Mohammad Third-Timer"
3716,"The Last Salute"
3855,Gondlanwala
3938,"The Crimson Tonga"
3966,"Proper Use"
3979,"Sweet Moment"
3990,"FOR NECESSARY ACTION"
4002,"The Butcher"
4042,"Ek Onkar Satnam - 1935"
4048,Sympathy
4080,"A Tale of 1947"
4142,Wages
4204,"Jinnah Sahib"
4281,"The New Constitution"
4364,"From Khanni to Bhikhi"
4368,"A Girl from Delhi"
4381,Sikhism
4443,Cooperation
4469,Division
4525,"The Great Divide"
4644,"Three Simple Statements"
4746,"Of One Community"
4807,"The Parade"
4882,"A Woman's Integrity"
4988,"Bitter Harvest"
4989,"A Believer’s Version"
4990,"The Benefits of Ignorance"
5046,Crusader
5304,"The Minor Gandhis"
5357,Azaan
5466,Rumour
5584,"The Border"
